round,weight_category,fighter_a_country,fighter_a,score,method,fighter_b,fighter_b_country,winner
F,Men -58kg,KOR,PARK Tae-joon,2:0,WDR,MAGOMEDOV Gashim,AZE,PARK Tae-joon
BMC,Men -58kg,ITA,DELL'AQUILA Vito,0:0,WDR,RAVET Cyrian,FRA,RAVET Cyrian
BMC,Men -58kg,ESP,VICENTE YUNTA Adrian,0:2,PTF,JENDOUBI Mohamed khalil,TUN,JENDOUBI Mohamed khalil
QF,Men -58kg,ESP,VICENTE YUNTA Adrian,0:2,PTF,MAGOMEDOV Gashim,AZE,MAGOMEDOV Gashim
QF,Men -58kg,AUS,LEWIS Bailey,0:2,PTF,JENDOUBI Mohamed khalil,TUN,JENDOUBI Mohamed khalil
QF,Men -58kg,HUN,SALIM Omar gergely,0:2,PTF,DELL'AQUILA Vito,ITA,DELL'AQUILA Vito
QF,Men -58kg,FRA,RAVET Cyrian,1:2,PTF,PARK Tae-joon,KOR,PARK Tae-joon
R16,Men -58kg,PLE,YASER ISMAIL Omar,0:2,PTF,VICENTE YUNTA Adrian,ESP,VICENTE YUNTA Adrian
R16,Men -58kg,ITA,DELL'AQUILA Vito,2:1,PTF,ABABAKIROV Samirkhon,KAZ,DELL'AQUILA Vito
R16,Men -58kg,AIN,GURTSIEV Georgii,0:2,PTF,RAVET Cyrian,FRA,RAVET Cyrian
R16,Men -58kg,NIG,ISSAKA GARBA Nouridine,0:2,PTF,LEWIS Bailey,AUS,LEWIS Bailey
R16,Men -58kg,ARG,GUZMAN Lucas,1:2,PTF,SALIM Omar gergely,HUN,SALIM Omar gergely
R16,Men -58kg,IRL,WOOLLEY Jack,0:2,PTF,MAGOMEDOV Gashim,AZE,MAGOMEDOV Gashim
R16,Men -58kg,TUN,JENDOUBI Mohamed khalil,2:0,PTF,KORNEEV Lev,SRB,KORNEEV Lev
R16,Men -58kg,KOR,PARK Tae-joon,2:0,PTF,GRANADO Yohandri,VEN,GRANADO Yohandri
R32,Men -58kg,SEN,DIOP Bocar,0:2,PTF,KORNEEV Lev,SRB,KORNEEV Lev
R32,Men -58kg,PLE,YASER ISMAIL Omar,2:0,PTF,TIRANVALIPOUR Hadi,TRT,YASER ISMAIL Omar
REPSF,Men -58kg,KOR,PARK Tae-joon,2:0,PTF,JENDOUBI Mohamed khalil,TUN,PARK Tae-joon
REP,Men -58kg,FRA,RAVET Cyrian,2:0,PTF,GRANADO Yohandri,VEN,RAVET Cyrian
REPSF,Men -58kg,AZE,MAGOMEDOV Gashim,2:0,PTF,DELL'AQUILA Vito,ITA,MAGOMEDOV Gashim
REP,Men -58kg,IRL,WOOLLEY Jack,0:2,PTF,VICENTE YUNTA Adrian,ESP,VICENTE YUNTA Adrian
F,Men -68kg,UZB,RASHITOV Ulugbek,2:0,PTF,KAREEM Zaid,JOR,RASHITOV Ulugbek
BMC,Men -68kg,BRA,PONTES Edival,2:1,PTF,PEREZ Javier,ESP,PONTES Edival
BMC,Men -68kg,GBR,SINDEN Bradly,0:0,WDR,LIANG Yushuai,CHN,LIANG Yushuai
QF,Men -68kg,CHN,LIANG Yushuai,0:2,PTF,RASHITOV Ulugbek,UZB,RASHITOV Ulugbek
QF,Men -68kg,JOR,KAREEM Zaid,2:0,PTF,RECBER Hakan,TUR,KAREEM Zaid
QF,Men -68kg,GBR,SINDEN Bradly,2:1,PTF,GOLUBIC Marko,CRO,SINDEN Bradly
QF,Men -68kg,FRA,ALAPHILIPPE Souleyman,1:2,PTF,PEREZ Javier,ESP,PEREZ Javier
R16,Men -68kg,BRA,PONTES Edival,1:2,PTF,KAREEM Zaid,JOR,KAREEM Zaid
R16,Men -68kg,UZB,RASHITOV Ulugbek,2:0,PTF,LO Wai Fung,HKG,RASHITOV Ulugbek
R16,Men -68kg,EGY,NASSAR Ahmed,0:2,PTF,ALAPHILIPPE Souleyman,FRA,ALAPHILIPPE Souleyman
R16,Men -68kg,TUR,RECBER Hakan,2:0,PTF,MAIGA Ibrahim,BUR,RECBER Hakan
R16,Men -68kg,ESP,PEREZ Javier,2:0,PTF,TUBTIMDANG Banlung,THA,PEREZ Javier
R16,Men -68kg,CRO,GOLUBIC Marko,2:0,PTF,PIE Bernardo,DOM,GOLUBIC Marko
R16,Men -68kg,CHN,LIANG Yushuai,2:1,PTF,JOZSA Levente mark,HUN,LIANG Yushuai
R16,Men -68kg,PNG,KASSMAN Kevin Sogo,0:2,PTF,SINDEN Bradly,GBR,SINDEN Bradly
R32,Men -68kg,RTA,AL GHOTANY Yahya,0:2,PTF,LO Wai Fung,HKG,LO Wai Fung
REPSF,Men -68kg,ESP,PEREZ Javier,0:2,PTF,RASHITOV Ulugbek,UZB,RASHITOV Ulugbek
REP,Men -68kg,BRA,PONTES Edival,2:1,PTF,RECBER Hakan,TUR,PONTES Edival
REP,Men -68kg,CHN,LIANG Yushuai,2:0,PTF,LO Wai Fung,HKG,LIANG Yushuai
REPSF,Men -68kg,GBR,SINDEN Bradly,1:2,PTF,KAREEM Zaid,JOR,KAREEM Zaid
F,Men -80kg,IRI,BARKHORDARI Mehran,0:2,PTF,,,
BMC,Men -80kg,DEN,HRNIC Edi,2:0,PTF,SEO Geon-woo,KOR,HRNIC Edi
BMC,Men -80kg,USA,NICKOLAS CJ,0:2,PTF,ALESSIO Simone,ITA,ALESSIO Simone
QF,Men -80kg,IRI,BARKHORDARI Mehran,2:1,PTF,ALESSIO Simone,ITA,BARKHORDARI Mehran
QF,Men -80kg,USA,NICKOLAS CJ,2:0,PTF,SAWADOGO Faysal,BUR,NICKOLAS CJ
QF,Men -80kg,KOR,SEO Geon-woo,2:0,PTF,RODRIGUES FERNANDES Henrique marques,BRA,SEO Geon-woo
QF,Men -80kg,,,2:0,PTF,HRNIC Edi,DEN,
R16,Men -80kg,EGY,EISSA Seif,0:2,PTF,HRNIC Edi,DEN,HRNIC Edi
R16,Men -80kg,SRB,TAKOV Stefan,0:2,PTF,SAWADOGO Faysal,BUR,SAWADOGO Faysal
R16,Men -80kg,UZB,JAYSUNOV Jasurbek,1:2,PTF,BARKHORDARI Mehran,IRI,BARKHORDARI Mehran
R16,Men -80kg,TRT,MANSOURI Farzad,0:2,PTF,NICKOLAS CJ,USA,NICKOLAS CJ
R16,Men -80kg,CHI,CHURCHILL MARTINEZ Joaquin,1:2,PTF,SEO Geon-woo,KOR,SEO Geon-woo
R16,Men -80kg,AUS,SEJRANOVIC Leon,0:2,PTF,,,
R16,Men -80kg,ITA,ALESSIO Simone,2:0,PTF,TOLEUGALI Batyrkhan,KAZ,ALESSIO Simone
R16,Men -80kg,JOR,ELSHARABATY Saleh,0:2,PTF,RODRIGUES FERNANDES Henrique marques,BRA,RODRIGUES FERNANDES Henrique marques
R32,Men -80kg,MLI,COULIBALY Ismael,1:2,PTF,TOLEUGALI Batyrkhan,KAZ,TOLEUGALI Batyrkhan
REP,Men -80kg,AUS,SEJRANOVIC Leon,0:2,PTF,HRNIC Edi,DEN,HRNIC Edi
REPSF,Men -80kg,USA,NICKOLAS CJ,0:2,PTF,,,
REP,Men -80kg,ITA,ALESSIO Simone,2:0,PTF,JAYSUNOV Jasurbek,UZB,ALESSIO Simone
REPSF,Men -80kg,KOR,SEO Geon-woo,1:2,PTF,BARKHORDARI Mehran,IRI,BARKHORDARI Mehran
F,Men +80kg,GBR,CUNNINGHAM Caden,1:2,PTF,SALIMI Arian,IRI,SALIMI Arian
BMC,Men +80kg,CRO,SAPINA Ivan,0:2,PTF,ALBA Rafael,CUB,ALBA Rafael
BMC,Men +80kg,MEX,SANSORES Carlos,1:2,PTF,CISSE Cheick Sallah,CIV,CISSE Cheick Sallah
QF,Men +80kg,GBR,CUNNINGHAM Caden,2:1,PTF,ALBA Rafael,CUB,CUNNINGHAM Caden
QF,Men +80kg,USA,HEALY Jonathan,0:2,PTF,CISSE Cheick Sallah,CIV,CISSE Cheick Sallah
QF,Men +80kg,MEX,SANSORES Carlos,1:2,PTF,SALIMI Arian,IRI,SALIMI Arian
QF,Men +80kg,NOR,ORDEMANN Richard andre,1:2,PTF,SAPINA Ivan,CRO,SAPINA Ivan
R16,Men +80kg,USA,HEALY Jonathan,2:1,PTF,SONG Zhaoxiang,CHN,HEALY Jonathan
R16,Men +80kg,CIV,CISSE Cheick Sallah,2:0,PTF,MEHDIPOURNEJAD Kasra,TRT,CISSE Cheick Sallah
R16,Men +80kg,GBS,GOMIS Paivou johnouario,0:2,PTF,SANSORES Carlos,MEX,SANSORES Carlos
R16,Men +80kg,NIG,ISSOUFOU Abdoul,0:2,PTF,CUNNINGHAM Caden,GBR,CUNNINGHAM Caden
R16,Men +80kg,UZB,RAFALOVICH Nikita,0:2,PTF,SALIMI Arian,IRI,SALIMI Arian
R16,Men +80kg,CRO,SAPINA Ivan,2:0,PTF,ANN Alasan,GAM,SAPINA Ivan
R16,Men +80kg,TUR,ATESLI Emre kutalmis,0:2,PTF,ALBA Rafael,CUB,ALBA Rafael
R16,Men +80kg,SLO,DIVKOVIC Patrik,1:2,PTF,ORDEMANN Richard andre,NOR,ORDEMANN Richard andre
R32,Men +80kg,PNG,MARA Gibson Kaogo,1:2,PTF,MEHDIPOURNEJAD Kasra,TRT,MEHDIPOURNEJAD Kasra
REP,Men +80kg,CUB,ALBA Rafael,2:1,PTF,ISSOUFOU Abdoul,NIG,ALBA Rafael
REP,Men +80kg,UZB,RAFALOVICH Nikita,1:2,PTF,SANSORES Carlos,MEX,SANSORES Carlos
REPSF,Men +80kg,IRI,SALIMI Arian,2:1,PTF,SAPINA Ivan,CRO,SALIMI Arian
REPSF,Men +80kg,GBR,CUNNINGHAM Caden,2:1,PTF,CISSE Cheick Sallah,CIV,CUNNINGHAM Caden
F,Women -49kg,THA,WONGPATTANAKIT Panipak,2:1,PTF,GUO Qing,CHN,WONGPATTANAKIT Panipak
BMC,Women -49kg,IRI,NEMATZADEH Mobina,2:0,PTF,ABUTALEB Dunya ali m,KSA,NEMATZADEH Mobina
BMC,Women -49kg,TUR,DINCEL KAVURAT Merve,0:2,PTF,STOJKOVIC Lena,CRO,STOJKOVIC Lena
QF,Women -49kg,KSA,ABUTALEB Dunya ali m,0:2,PTF,WONGPATTANAKIT Panipak,THA,WONGPATTANAKIT Panipak
QF,Women -49kg,CHN,GUO Qing,2:0,PTF,DINCEL KAVURAT Merve,TUR,GUO Qing
QF,Women -49kg,CRO,STOJKOVIC Lena,2:1,PTF,DHAHRI Ikram,TUN,STOJKOVIC Lena
QF,Women -49kg,ESP,CEREZO IGLESIAS Adriana,0:2,PTF,NEMATZADEH Mobina,IRI,NEMATZADEH Mobina
R16,Women -49kg,THA,WONGPATTANAKIT Panipak,2:0,PTF,EL BOUCHTI Oumaima,MAR,WONGPATTANAKIT Panipak
R16,Women -49kg,TRT,POURYOUNES Dina,0:2,PTF,GUO Qing,CHN,GUO Qing
R16,Women -49kg,TUR,DINCEL KAVURAT Merve,2:0,PTF,MATONTI Ilenia elisabetta,ITA,DINCEL KAVURAT Merve
R16,Women -49kg,CAN,KAFADAR Josipa,0:2,PTF,STOJKOVIC Lena,CRO,STOJKOVIC Lena
R16,Women -49kg,URU,GRIPPOLI Maria Sara,0:2,PTF,CEREZO IGLESIAS Adriana,ESP,CEREZO IGLESIAS Adriana
R16,Women -49kg,IRI,NEMATZADEH Mobina,2:0,PTF,TAU Michelle,LES,NEMATZADEH Mobina
R16,Women -49kg,MEX,SOUZA Daniela paola,1:2,PTF,DHAHRI Ikram,TUN,DHAHRI Ikram
R16,Women -49kg,KSA,ABUTALEB Dunya ali m,2:1,PTF,SEMBERG Abishag,ISR,ABUTALEB Dunya ali m
R32,Women -49kg,TLS,DA COSTA DA SILVA PINTO BELO Ana,0:2,PTF,EL BOUCHTI Oumaima,MAR,EL BOUCHTI Oumaima
REPSF,Women -49kg,IRI,NEMATZADEH Mobina,0:2,PTF,GUO Qing,CHN,GUO Qing
REP,Women -49kg,TRT,POURYOUNES Dina,0:2,PTF,DINCEL KAVURAT Merve,TUR,DINCEL KAVURAT Merve
REP,Women -49kg,KSA,ABUTALEB Dunya ali m,2:0,PTF,EL BOUCHTI Oumaima,MAR,ABUTALEB Dunya ali m
REPSF,Women -49kg,CRO,STOJKOVIC Lena,0:2,PTF,WONGPATTANAKIT Panipak,THA,WONGPATTANAKIT Panipak
F,Women -57kg,KOR,KIM Yu-jin,2:0,PTF,KIYANICHANDEH Nahid,IRI,KIM Yu-jin
BMC,Women -57kg,LBN,AOUN Laetitia,0:2,PTF,PARK Skylar,CAN,PARK Skylar
BMC,Women -57kg,BUL,KIMIA Alizadeh,2:1,PTF,LUO Zongshi,CHN,KIMIA Alizadeh
QF,Women -57kg,BRA,PACHECO Maria clara,1:2,PTF,LUO Zongshi,CHN,LUO Zongshi
QF,Women -57kg,LBN,AOUN Laetitia,2:0,PTF,RELJIKJ Miljana,MKD,AOUN Laetitia
QF,Women -57kg,IRI,KIYANICHANDEH Nahid,2:1,PTF,TOUMI Chaima,TUN,KIYANICHANDEH Nahid
QF,Women -57kg,CAN,PARK Skylar,0:2,PTF,KIM Yu-jin,KOR,KIM Yu-jin
R16,Women -57kg,TUR,ILGUN Hatice Kubra,0:2,PTF,KIM Yu-jin,KOR,KIM Yu-jin
R16,Women -57kg,USA,DILLON Faith,1:2,PTF,TOUMI Chaima,TUN,TOUMI Chaima
R16,Women -57kg,GBR,JONES Jade,1:2,PTF,RELJIKJ Miljana,MKD,RELJIKJ Miljana
R16,Women -57kg,CHN,LUO Zongshi,2:0,PTF,ATORA Emmanuella,GAB,LUO Zongshi
R16,Women -57kg,LBN,AOUN Laetitia,2:0,PTF,LO Chia-ling,TPE,AOUN Laetitia
R16,Women -57kg,CZE,HRONOVA Dominika,0:2,PTF,PARK Skylar,CAN,PARK Skylar
R16,Women -57kg,AUS,HYMER Stacey,0:2,PTF,PACHECO Maria clara,BRA,PACHECO Maria clara
R16,Women -57kg,BUL,KIMIA Alizadeh,1:2,PTF,KIYANICHANDEH Nahid,IRI,KIYANICHANDEH Nahid
REPSF,Women -57kg,KOR,KIM Yu-jin,2:1,PTF,LUO Zongshi,CHN,KIM Yu-jin
REP,Women -57kg,CAN,PARK Skylar,2:0,PTF,ILGUN Hatice Kubra,TUR,PARK Skylar
REPSF,Women -57kg,IRI,KIYANICHANDEH Nahid,2:0,PTF,AOUN Laetitia,LBN,KIYANICHANDEH Nahid
REP,Women -57kg,BUL,KIMIA Alizadeh,2:0,PTF,TOUMI Chaima,TUN,KIMIA Alizadeh
F,Women -67kg,HUN,MARTON Viviana,2:0,PTF,PERISIC Aleksandra,SRB,MARTON Viviana
BMC,Women -67kg,UZB,SOBIRJONOVA Ozoda,1:2,PTF,CHAARI Sarah,BEL,CHAARI Sarah
BMC,Women -67kg,CHN,SONG Jie,0:2,PTF,TEACHOUT Kristina,USA,TEACHOUT Kristina
QF,Women -67kg,EGY,SHEHATA Aya,0:2,PTF,CHAARI Sarah,BEL,CHAARI Sarah
QF,Women -67kg,USA,TEACHOUT Kristina,1:2,PTF,MARTON Viviana,HUN,MARTON Viviana
QF,Women -67kg,JOR,ALSADEQ Julyana,1:2,PTF,SONG Jie,CHN,SONG Jie
QF,Women -67kg,THA,TONGCHAN Sasikarn,0:2,PTF,PERISIC Aleksandra,SRB,PERISIC Aleksandra
R16,Women -67kg,BEL,CHAARI Sarah,2:0,PTF,RODRIGUEZ Madelyn Andrea,DOM,CHAARI Sarah
R16,Women -67kg,FIJ,NAVUGA Lolohea,0:2,PTF,ALSADEQ Julyana,JOR,ALSADEQ Julyana
R16,Women -67kg,CIV,GBAGBI Ruth,1:2,PTF,MARTON Viviana,HUN,MARTON Viviana
R16,Women -67kg,SRB,PERISIC Aleksandra,2:1,PTF,SOBIRJONOVA Ozoda,UZB,PERISIC Aleksandra
R16,Women -67kg,EGY,SHEHATA Aya,2:1,PTF,CASTRO BURGOS Cecilia,ESP,SHEHATA Aya
R16,Women -67kg,USA,TEACHOUT Kristina,2:0,PTF,WIET HENIN Magda,FRA,TEACHOUT Kristina
R16,Women -67kg,CHN,SONG Jie,2:0,PTF,ANYANACHO Elizabeth oluchi,NGR,SONG Jie
R16,Women -67kg,THA,TONGCHAN Sasikarn,2:0,PTF,SANTOS Caroline,BRA,TONGCHAN Sasikarn
REPSF,Women -67kg,HUN,MARTON Viviana,2:0,PTF,CHAARI Sarah,BEL,MARTON Viviana
REP,Women -67kg,USA,TEACHOUT Kristina,2:1,PTF,GBAGBI Ruth,CIV,TEACHOUT Kristina
REP,Women -67kg,UZB,SOBIRJONOVA Ozoda,2:1,PTF,TONGCHAN Sasikarn,THA,SOBIRJONOVA Ozoda
REPSF,Women -67kg,CHN,SONG Jie,0:2,PTF,PERISIC Aleksandra,SRB,PERISIC Aleksandra
F,Women +67kg,FRA,LAURIN Althea,2:0,PTF,SAIDOVA Svetlana,UZB,LAURIN Althea
BMC,Women +67kg,GBR,SINDEN Rebecca,1:2,PTF,KUS AYDIN Nafia,TUR,KUS AYDIN Nafia
BMC,Women +67kg,KOR,LEE Dabin,2:1,PTF,BRANDL Lorena,GER,LEE Dabin
QF,Women +67kg,UZB,SAIDOVA Svetlana,2:0,PTF,SINDEN Rebecca,GBR,SAIDOVA Svetlana
QF,Women +67kg,JOR,ABO-ALRUB Rama,1:2,PTF,KUS AYDIN Nafia,TUR,KUS AYDIN Nafia
QF,Women +67kg,FRA,LAURIN Althea,2:0,PTF,BRANDL Lorena,GER,LAURIN Althea
QF,Women +67kg,KOR,LEE Dabin,2:1,PTF,ZHOU Zeqi,CHN,LEE Dabin
R16,Women +67kg,CIV,BATHILY Astan katherine feghe,1:2,PTF,SAIDOVA Svetlana,UZB,SAIDOVA Svetlana
R16,Women +67kg,GER,BRANDL Lorena,2:0,PTF,ACOSTA Arlettys De La Caridad,CUB,BRANDL Lorena
R16,Women +67kg,TJK,ABDUSALOMOVA Munira,0:2,PTF,LAURIN Althea,FRA,LAURIN Althea
R16,Women +67kg,GBR,SINDEN Rebecca,2:0,PTF,TRAILL Venice Elizabeth Megan,FIJ,SINDEN Rebecca
R16,Women +67kg,JOR,ABO-ALRUB Rama,2:1,PTF,ABOUFARAS FATIMA-EZZAHRA,MAR,ABO-ALRUB Rama
R16,Women +67kg,TUR,KUS AYDIN Nafia,2:1,PTF,AGUIRRE Fernanda,CHI,KUS AYDIN Nafia
R16,Women +67kg,CZE,STOLBOVA Petra,0:2,PTF,LEE Dabin,KOR,LEE Dabin
R16,Women +67kg,CHN,ZHOU Zeqi,2:0,PTF,JAHL Marlene,AUT,ZHOU Zeqi
REP,Women +67kg,CIV,BATHILY Astan katherine feghe,0:2,PTF,SINDEN Rebecca,GBR,SINDEN Rebecca
REP,Women +67kg,GER,BRANDL Lorena,2:0,PTF,ABDUSALOMOVA Munira,TJK,BRANDL Lorena
REPSF,Women +67kg,KOR,LEE Dabin,0:2,PTF,SAIDOVA Svetlana,UZB,SAIDOVA Svetlana
REPSF,Women +67kg,FRA,LAURIN Althea,2:0,PTF,KUS AYDIN Nafia,TUR,LAURIN Althea
